filename,result
test_1.jpg,00390
test_2.jpg,00150
test_3.jpg,00775
test_4.jpg,00682
test_5.jpg,00528
test_6.jpg,00278
test_7.jpg,00895
test_8.jpg,00744
test_9.jpg,00239
test_10.jpg,00431
test_11.jpg,00248
test_12.jpg,00439
test_13.jpg,01068
test_14.jpg,00182
test_15.jpg,00653
test_16.jpg,00662
test_17.jpg,00324
test_18.jpg,00486
test_19.jpg,00747
test_20.jpg,00564
test_21.jpg,00329
test_22.jpg,00542
test_23.jpg,00755
test_24.jpg,00450
test_25.jpg,00229
test_26.jpg,00858
test_27.jpg,00582
test_28.jpg,00388
test_29.jpg,01612
test_30.jpg,00229
test_31.jpg,00217
test_32.jpg,00449
test_33.jpg,00582
test_34.jpg,00619
test_35.jpg,00475
test_36.jpg,00698
test_37.jpg,00198
test_38.jpg,00648
test_39.jpg,00414
test_40.jpg,00356
test_41.jpg,00331
test_42.jpg,00002
test_43.jpg,00410
test_44.jpg,00199
test_45.jpg,00469
test_46.jpg,00232
test_47.jpg,00554
test_48.jpg,00277
test_49.jpg,00692
test_50.jpg,00217
test_51.jpg,00526
test_52.jpg,0095
test_53.jpg,00489
test_54.jpg,00501
test_55.jpg,00372
test_56.jpg,00502
test_57.jpg,00551
test_58.jpg,00609
test_59.jpg,00264
test_60.jpg,01225
test_61.jpg,00535
test_62.jpg,00800
test_63.jpg,00189
test_64.jpg,00425
test_65.jpg,00690
test_66.jpg,00745
test_67.jpg,00268
test_68.jpg,00334
test_69.jpg,00439
test_70.jpg,00512
test_71.jpg,00374
test_72.jpg,00754
test_73.jpg,00514
test_74.jpg,00520
test_75.jpg,00371
test_76.jpg,00271
test_77.jpg,00630
test_78.jpg,00371
test_79.jpg,00954
test_80.jpg,00578
test_81.jpg,00182
test_82.jpg,00001
test_83.jpg,00762
test_84.jpg,00926
test_85.jpg,00260
test_86.jpg,00744
test_87.jpg,00456
test_88.jpg,00068
test_89.jpg,00483
test_90.jpg,00248
test_91.jpg,00136
test_92.jpg,00324
test_93.jpg,00787
test_94.jpg,00508
test_95.jpg,00569
test_96.jpg,00553
test_97.jpg,00527
test_98.jpg,00584
test_99.jpg,00668
test_100.jpg,00299
test_101.jpg,00155
test_102.jpg,00242
test_103.jpg,00366
test_104.jpg,00168
test_105.jpg,00236
test_106.jpg,00587
test_107.jpg,00606
test_108.jpg,00826
test_109.jpg,00585
test_110.jpg,00104
test_111.jpg,00141
test_112.jpg,00809
test_113.jpg,00855
test_114.jpg,00051
test_115.jpg,00644
test_116.jpg,00246
test_117.jpg,00226
test_118.jpg,00466
test_119.jpg,00513
test_120.jpg,00448
test_121.jpg,00306
test_122.jpg,00176
test_123.jpg,00920
test_124.jpg,00654
test_125.jpg,00393
test_126.jpg,00392
test_127.jpg,00749
test_128.jpg,00130
test_129.jpg,00734
test_130.jpg,00332
test_131.jpg,00826
test_132.jpg,00521
test_133.jpg,00916
test_134.jpg,00814
test_135.jpg,00530
test_136.jpg,00173
test_137.jpg,01193
test_138.jpg,00415
test_139.jpg,00604
test_140.jpg,00291
test_141.jpg,00244
test_142.jpg,00093
test_143.jpg,01044
test_144.jpg,00922
test_145.jpg,00291
test_146.jpg,00838
test_147.jpg,00170
test_148.jpg,00874
test_149.jpg,00784
test_150.jpg,00637
test_151.jpg,00353
test_152.jpg,00237
test_153.jpg,00277
test_154.jpg,00709
test_155.jpg,00123
test_156.jpg,00590
test_157.jpg,00244
test_158.jpg,00411
test_159.jpg,00249
test_160.jpg,00112
test_161.jpg,00555
test_162.jpg,02474
test_163.jpg,01755
test_164.jpg,01210
test_165.jpg,00660
test_166.jpg,00611
test_167.jpg,00416
test_168.jpg,00200
test_169.jpg,00540
test_170.jpg,00409
test_171.jpg,00350
test_172.jpg,01161
test_173.jpg,00107
test_174.jpg,00223
test_175.jpg,00592
test_176.jpg,00231
test_177.jpg,00613
test_178.jpg,00579
test_179.jpg,00000
test_180.jpg,00423
test_181.jpg,00453
test_182.jpg,00593
test_183.jpg,00595
test_184.jpg,00259
test_185.jpg,00849
test_186.jpg,00846
test_187.jpg,00773
test_188.jpg,01088
test_189.jpg,00284
test_190.jpg,00201
test_191.jpg,00553
test_192.jpg,00339
test_193.jpg,00354
test_194.jpg,03569
test_195.jpg,00260
test_196.jpg,00442
test_197.jpg,00167
test_198.jpg,00611
test_199.jpg,01053
test_200.jpg,00653
test_201.jpg,00225
test_202.jpg,00706
test_203.jpg,00125
test_204.jpg,00545
test_205.jpg,00038
test_206.jpg,00227
test_207.jpg,00724
test_208.jpg,00622
test_209.jpg,00048
test_210.jpg,00348
test_211.jpg,00642
test_212.jpg,00318
test_213.jpg,00894
test_214.jpg,00711
test_215.jpg,00223
test_216.jpg,001210
test_217.jpg,00682
test_218.jpg,00511
test_219.jpg,00668
test_220.jpg,00568
test_221.jpg,00555
test_222.jpg,00669
test_223.jpg,00375
test_224.jpg,00306
test_225.jpg,00244
test_226.jpg,00356
test_227.jpg,00432
test_228.jpg,00416
test_229.jpg,00298
test_230.jpg,00399
test_231.jpg,00493
test_232.jpg,00272
test_233.jpg,00122
test_234.jpg,00307
test_235.jpg,00208
test_236.jpg,00000
test_237.jpg,00869
test_238.jpg,00233
test_239.jpg,00489
test_240.jpg,0064
test_241.jpg,00111
test_242.jpg,00295
test_243.jpg,00606
test_244.jpg,00214
test_245.jpg,00446
test_246.jpg,01007
test_247.jpg,00771
test_248.jpg,00535
test_249.jpg,00269
test_250.jpg,00357
test_251.jpg,00289
test_252.jpg,00440
test_253.jpg,00256
test_254.jpg,00303
test_255.jpg,00519
test_256.jpg,00420
test_257.jpg,00539
test_258.jpg,00652
test_259.jpg,00508
test_260.jpg,00378
test_261.jpg,00955
test_262.jpg,00259
test_263.jpg,00247
test_264.jpg,00119
test_265.jpg,00108
test_266.jpg,00468
test_267.jpg,00347
test_268.jpg,00349
test_269.jpg,00612
test_270.jpg,00007
test_271.jpg,00167
test_272.jpg,00249
test_273.jpg,00048
test_274.jpg,00361
test_275.jpg,00273
test_276.jpg,00202
test_277.jpg,00443
test_278.jpg,00231
test_279.jpg,03496
test_280.jpg,00375
test_281.jpg,00258
test_282.jpg,00665
test_283.jpg,00140
test_284.jpg,00204
test_285.jpg,00444
test_286.jpg,00616
test_287.jpg,00534
test_288.jpg,00450
test_289.jpg,00300
test_290.jpg,00137
test_291.jpg,00271
test_292.jpg,00358
test_293.jpg,00291
test_294.jpg,00520
test_295.jpg,00861
test_296.jpg,00407
test_297.jpg,00532
test_298.jpg,00248
test_299.jpg,00540
test_300.jpg,00372
test_301.jpg,00592
test_302.jpg,00817
test_303.jpg,00308
test_304.jpg,00003
test_305.jpg,00287
test_306.jpg,00994
test_307.jpg,00298
test_308.jpg,00229
test_309.jpg,00420
test_310.jpg,00433
test_311.jpg,00318
test_312.jpg,01120
test_313.jpg,00248
test_314.jpg,00433
test_315.jpg,00008
test_316.jpg,00637
test_317.jpg,01052
test_318.jpg,00465
test_319.jpg,00284
test_320.jpg,00000
test_321.jpg,00929
test_322.jpg,00151
test_323.jpg,00420
test_324.jpg,00108
test_325.jpg,00478
test_326.jpg,00515
test_327.jpg,00185
test_328.jpg,00445
test_329.jpg,00763
test_330.jpg,00573
test_331.jpg,00012
test_332.jpg,00194
test_333.jpg,00512
test_334.jpg,00525
test_335.jpg,00073
test_336.jpg,00342
test_337.jpg,00955
test_338.jpg,00655
test_339.jpg,00449
test_340.jpg,01197
test_341.jpg,00167
test_342.jpg,00251
test_343.jpg,00006
test_344.jpg,00427
test_345.jpg,00811
test_346.jpg,00492
test_347.jpg,00071
test_348.jpg,00555
test_349.jpg,0644
test_350.jpg,00783
test_351.jpg,00001
test_352.jpg,00547
test_353.jpg,00835
test_354.jpg,00067
test_355.jpg,00191
test_356.jpg,00350
test_357.jpg,00811
test_358.jpg,00005
test_359.jpg,00266
test_360.jpg,00474
test_361.jpg,01599
test_362.jpg,00133
test_363.jpg,00594
test_364.jpg,00358
test_365.jpg,00599
test_366.jpg,00634
test_367.jpg,00090
test_368.jpg,00136
test_369.jpg,00144
test_370.jpg,00405
test_371.jpg,00737
test_372.jpg,00237
test_373.jpg,00362
test_374.jpg,00059
test_375.jpg,00163
test_376.jpg,00089
test_377.jpg,00039
test_378.jpg,00131
test_379.jpg,00282
test_380.jpg,00098
test_381.jpg,00384
test_382.jpg,00044
test_383.jpg,00131
test_384.jpg,00213
test_385.jpg,00245
test_386.jpg,00131
test_387.jpg,00111
test_388.jpg,00138
test_389.jpg,02318
test_390.jpg,00148
test_391.jpg,00132
test_392.jpg,00060
test_393.jpg,00000
test_394.jpg,00058
test_395.jpg,00000
test_396.jpg,01141
test_397.jpg,00047
test_398.jpg,00726
test_399.jpg,00008
test_400.jpg,00028
test_401.jpg,00034
test_402.jpg,00180
test_403.jpg,00269
test_404.jpg,00267
test_405.jpg,00141
test_406.jpg,00068
test_407.jpg,00376
test_408.jpg,00246
test_409.jpg,00617
test_410.jpg,00155
test_411.jpg,00147
test_412.jpg,00202
test_413.jpg,00466
test_414.jpg,00151
test_415.jpg,00422
test_416.jpg,00268
test_417.jpg,00281
test_418.jpg,00334
test_419.jpg,00133
test_420.jpg,00019
test_421.jpg,00057
test_422.jpg,00081
test_423.jpg,00164
test_424.jpg,00155
test_425.jpg,00184
test_426.jpg,00724
test_427.jpg,00198
test_428.jpg,00273
test_429.jpg,00194
test_430.jpg,00117
test_431.jpg,00623
test_432.jpg,00071
test_433.jpg,00056
test_434.jpg,00527
test_435.jpg,03376
test_436.jpg,00007
test_437.jpg,00099
test_438.jpg,00372
test_439.jpg,00383
test_440.jpg,00480
test_441.jpg,00284
test_442.jpg,00281
test_443.jpg,00443
test_444.jpg,00066
test_445.jpg,00012
test_446.jpg,00544
test_447.jpg,00347
test_448.jpg,00417
test_449.jpg,00165
test_450.jpg,00124
test_451.jpg,00515
test_452.jpg,00366
test_453.jpg,00807
test_454.jpg,00138
test_455.jpg,00217
test_456.jpg,00406
test_457.jpg,00083
test_458.jpg,00183
test_459.jpg,00018
test_460.jpg,00217
test_461.jpg,00000
test_462.jpg,00004
test_463.jpg,00197
test_464.jpg,00143
test_465.jpg,00361
test_466.jpg,00413
test_467.jpg,00272
test_468.jpg,00427
test_469.jpg,00193
test_470.jpg,00233
test_471.jpg,00421
test_472.jpg,01322
test_473.jpg,00309
test_474.jpg,00184
test_475.jpg,00665
test_476.jpg,00150
test_477.jpg,00311
test_478.jpg,00515
test_479.jpg,00227
test_480.jpg,01035
test_481.jpg,00427
test_482.jpg,00624
test_483.jpg,01089
test_484.jpg,00684
test_485.jpg,00401
test_486.jpg,00376
test_487.jpg,00312
test_488.jpg,00392
test_489.jpg,00511
test_490.jpg,00240
test_491.jpg,00499
test_492.jpg,01284
test_493.jpg,00897
test_494.jpg,00314
test_495.jpg,00408
test_496.jpg,00675
test_497.jpg,00345
test_498.jpg,00320
test_499.jpg,00406
test_500.jpg,00323
